RegionID,SizeRank,RegionName,RegionType,StateName,State,City,Metro,CountyName,RegionName,1/31/96,2/29/96,3/31/96,4/30/96,5/31/96,6/30/96,7/31/96,8/31/96,9/30/96,10/31/96,11/30/96,12/31/96,1/31/97,2/28/97,3/31/97,4/30/97,5/31/97,6/30/97,7/31/97,8/31/97,9/30/97,10/31/97,11/30/97,12/31/97,1/31/98,2/28/98,3/31/98,4/30/98,5/31/98,6/30/98,7/31/98,8/31/98,9/30/98,10/31/98,11/30/98,12/31/98,1/31/99,2/28/99,3/31/99,4/30/99,5/31/99,6/30/99,7/31/99,8/31/99,9/30/99,10/31/99,11/30/99,12/31/99,1/31/00,2/29/00,3/31/00,4/30/00,5/31/00,6/30/00,7/31/00,8/31/00,9/30/00,10/31/00,11/30/00,12/31/00,1/31/01,2/28/01,3/31/01,4/30/01,5/31/01,6/30/01,7/31/01,8/31/01,9/30/01,10/31/01,11/30/01,12/31/01,1/31/02,2/28/02,3/31/02,4/30/02,5/31/02,6/30/02,7/31/02,8/31/02,9/30/02,10/31/02,11/30/02,12/31/02,1/31/03,2/28/03,3/31/03,4/30/03,5/31/03,6/30/03,7/31/03,8/31/03,9/30/03,10/31/03,11/30/03,12/31/03,1/31/04,2/29/04,3/31/04,4/30/04,5/31/04,6/30/04,7/31/04,8/31/04,9/30/04,10/31/04,11/30/04,12/31/04,1/31/05,2/28/05,3/31/05,4/30/05,5/31/05,6/30/05,7/31/05,8/31/05,9/30/05,10/31/05,11/30/05,12/31/05,1/31/06,2/28/06,3/31/06,4/30/06,5/31/06,6/30/06,7/31/06,8/31/06,9/30/06,10/31/06,11/30/06,12/31/06,1/31/07,2/28/07,3/31/07,4/30/07,5/31/07,6/30/07,7/31/07,8/31/07,9/30/07,10/31/07,11/30/07,12/31/07,1/31/08,2/29/08,3/31/08,4/30/08,5/31/08,6/30/08,7/31/08,8/31/08,9/30/08,10/31/08,11/30/08,12/31/08,1/31/09,2/28/09,3/31/09,4/30/09,5/31/09,6/30/09,7/31/09,8/31/09,9/30/09,10/31/09,11/30/09,12/31/09,1/31/10,2/28/10,3/31/10,4/30/10,5/31/10,6/30/10,7/31/10,8/31/10,9/30/10,10/31/10,11/30/10,12/31/10,1/31/11,2/28/11,3/31/11,4/30/11,5/31/11,6/30/11,7/31/11,8/31/11,9/30/11,10/31/11,11/30/11,12/31/11,1/31/12,2/29/12,3/31/12,4/30/12,5/31/12,6/30/12,7/31/12,8/31/12,9/30/12,10/31/12,11/30/12,12/31/12,1/31/13,2/28/13,3/31/13,4/30/13,5/31/13,6/30/13,7/31/13,8/31/13,9/30/13,10/31/13,11/30/13,12/31/13,1/31/14,2/28/14,3/31/14,4/30/14,5/31/14,6/30/14,7/31/14,8/31/14,9/30/14,10/31/14,11/30/14,12/31/14,1/31/15,2/28/15,3/31/15,4/30/15,5/31/15,6/30/15,7/31/15,8/31/15,9/30/15,10/31/15,11/30/15,12/31/15,1/31/16,2/29/16,3/31/16,4/30/16,5/31/16,6/30/16,7/31/16,8/31/16,9/30/16,10/31/16,11/30/16,12/31/16,1/31/17,2/28/17,3/31/17,4/30/17,5/31/17,6/30/17,7/31/17,8/31/17,9/30/17,10/31/17,11/30/17,12/31/17,1/31/18,2/28/18,3/31/18,4/30/18,5/31/18,6/30/18,7/31/18,8/31/18,9/30/18,10/31/18,11/30/18,12/31/18,1/31/19,2/28/19,3/31/19,4/30/19,5/31/19,6/30/19,7/31/19,8/31/19,9/30/19,10/31/19,11/30/19,12/31/19,1/31/20,2/29/20,3/31/20,4/30/20,5/31/20,6/30/20,7/31/20,8/31/20,9/30/20
271026,348,Old Brooklyn,Neighborhood,OH,OH,Cleveland,Cleveland-Elyria,Cuyahoga County,Old Brooklyn,79828,79996,80168,80466,80702,80880,81035,81259,81601,82029,82465,82754,82947,83066,83264,83527,83874,84204,84560,84852,85089,85262,85448,85821,86244,86717,86968,87261,87599,88134,88694,89065,89211,89209,89301,89535,89980,90434,90965,91329,91525,91631,91701,92214,92839,93637,94080,94315,94446,94666,95066,95412,96044,96647,97255,97338,97551,97735,98245,98600,98935,99238,99462,99783,99957,100165,100410,100871,101029,101154,101138,101449,101790,102066,102261,102434,102633,102734,102857,102872,103204,103408,103816,104094,104419,104644,104956,105217,105498,105791,106023,106493,106897,107482,107782,108121,108430,108829,109091,109440,109681,110127,110401,110703,110912,111167,111495,111656,111778,111997,112341,112729,113073,113236,113911,114409,114902,114922,115221,115718,116113,116110,116082,115918,115877,115709,115255,114640,113732,113129,112271,111371,110479,109991,109006,108235,107350,106901,105782,104825,104416,104284,103838,103171,102597,102017,101816,101336,100774,99602,98638,97500,96094,94526,93322,92120,90826,89217,87912,86514,85254,84051,83565,83383,83394,83337,83036,82849,82728,82956,82821,82843,83129,83304,82678,81447,80154,78900,77890,76909,75847,74343,73101,72135,71180,70679,70440,70317,69835,69375,68960,68596,68041,67770,67435,66971,66205,65031,64116,63761,63692,63478,63278,63091,63530,64176,64614,64707,64319,64491,64767,65049,65532,65964,66280,66177,65666,64889,64430,64294,64901,65303,65491,65336,64784,64521,64084,64267,64418,65001,65196,65570,65719,65951,65920,65989,66252,66475,67074,67638,68653,69106,69555,69435,69576,69794,70532,71327,72045,72694,73190,73553,73449,73218,73533,74394,75617,76459,77110,77516,78136,78927,79680,80249,80687,82118,83501,85032,85459,86031,86247,86537,86968,87573,88631,89414,90196,90366,90500,90255,90778,91268,92229,92790,93177,93438,93610,94198,95046,96001,96998,98234,99474,100898,102320,104283,106471
271005,602,Kamm's Corner,Neighborhood,OH,OH,Cleveland,Cleveland-Elyria,Cuyahoga County,Kamm's Corner,97301,97318,97369,97425,97407,97437,97523,97723,97837,97994,98168,98523,98861,99258,99589,99936,100530,101103,101661,102058,102541,102973,103254,103507,103851,104214,104525,104957,105371,105774,106244,106684,107354,107957,108924,109442,110075,110513,111124,111620,111758,112016,112062,112518,112709,113260,113625,114349,114649,115057,115407,115757,116577,117190,118042,118221,118651,118855,118984,118948,119056,119419,119873,120308,120441,120599,120696,120963,121109,121152,121456,121827,122464,122783,122982,123103,123346,123777,124122,124715,125136,125628,125960,126280,126540,126725,127026,127518,128121,128635,129190,129890,130796,131885,132474,133044,133235,133732,134030,134263,134370,134474,134664,134491,134237,133769,133930,134330,134945,135235,135468,135576,135782,135903,136080,136440,136869,137297,137712,137912,138055,138141,138369,138526,137952,137412,136907,136466,135658,134892,134204,133250,132279,131556,130798,130075,129866,129604,128927,127956,127630,127368,126556,125806,125257,124807,124260,123306,122259,120983,120208,119640,118778,117762,116968,116598,115877,114815,113923,113677,114180,115037,115698,115786,115540,115272,115274,115012,114984,115018,114831,114801,113959,113285,111907,111345,110705,110258,109345,108367,107555,106942,106565,105742,104842,103691,102842,101612,100677,99808,99151,98724,98121,97446,96461,95579,95139,94690,94710,94996,95851,96466,97288,97621,98126,99096,100288,101683,102553,103462,104089,104512,104341,104323,104026,104108,103797,102635,101924,101073,100815,100531,100526,100798,101143,101576,101951,102319,102922,104231,104926,105574,105819,106388,107006,107576,107831,107981,108433,109268,110335,111045,111705,112061,112900,113770,114815,115529,116391,117229,118311,119191,119715,119741,120555,122225,124476,125882,126526,127173,128393,129840,130752,131361,132102,134466,136154,137464,136697,136696,136726,137105,137433,138069,139554,141001,142050,141885,141589,140891,141796,142534,144058,144809,145356,145705,145573,145746,146283,147123,148282,149828,151065,152305,153159,154582,156188
274133,823,Jefferson,Neighborhood,OH,OH,Cleveland,Cleveland-Elyria,Cuyahoga County,Jefferson,63292,63281,63273,63351,63427,63545,63578,63663,63799,63960,64182,64413,64747,65059,65397,65679,66081,66502,67016,67454,67860,68302,68688,69080,69332,69687,69991,70240,70401,70490,70708,70926,71196,71387,71625,71860,72102,72297,72715,73168,73527,73932,74322,74958,75438,75973,76368,76838,77401,77995,78318,78612,79060,79566,79917,79960,80158,80349,80686,80848,80997,81154,81494,81883,82258,82427,82635,82980,83338,83633,83732,83849,84022,84117,84182,84095,83916,83911,83979,84148,84210,84386,84569,84870,84963,85074,84954,85029,85198,85384,85485,85451,85579,85603,85830,86002,86358,86739,87430,87992,88509,88840,89311,89774,89923,90173,90362,90733,91016,91378,91712,91960,92180,92483,92760,93062,93581,94016,94615,94906,95103,94849,94681,94657,94471,94201,93859,93608,93411,93325,93086,92959,92702,92550,91533,90637,90029,89775,89200,88621,87976,87248,86216,85019,83892,82941,82643,82168,81464,80504,79916,79354,78648,77473,76381,75347,74807,74263,73764,72965,72309,71667,71217,70464,69886,69691,69679,69736,69624,69833,69969,70262,70285,70152,69268,68290,67112,66201,65077,63854,62572,61246,60069,58639,57394,56234,55891,55481,54896,54090,53764,53957,53791,53160,52324,52251,52224,52227,51593,51788,52711,53374,53775,53530,54085,55033,56116,56711,56930,57013,57345,57530,57191,57565,57498,57798,57276,56712,56165,55665,55843,56374,56962,56969,57082,57003,57199,57314,57471,57770,57716,57748,57396,56992,56869,56886,56818,56187,55718,55237,55269,55145,55370,55375,55792,56186,56499,56675,56893,57385,58043,58970,59745,60365,61138,62427,63584,64500,65101,66045,66931,68096,68923,69710,70204,71383,72168,72782,72775,73189,73457,73555,74302,75277,76732,77471,78195,78417,79061,79401,80433,81394,82702,83555,83686,83788,83818,84335,85105,86014,86805,87870,88778,89643,90475,91803,93471
275109,832,Bellaire-Puritas,Neighborhood,OH,OH,Cleveland,Cleveland-Elyria,Cuyahoga County,Puritas-Longmead,56585,56645,22222223:32 PM3:32 PM3:32 PM3:32 PM3:32 PM3:32 PM3:32 PM3:32 PM3:32 PM3:3bbbbbbbbbbbbbbbbbbbbbbbbbbbbbbbbbbbbbbbbbbbbbbbbbbbbbbbbbbbbbbbbbbbbbbbbbbbbbbbbbbbbbbbbbbbbbbbbbbbbbbbbbbbbbbbbbbv          2 PM3:32 PM3:32 PM3:32 PM3:3vvvvvvvvvvvvvvvvvvvvvvvvvvvvvv        b                     bbbbbbbbbbbbbbbbbbbbbbbbbbbbbbbbbbbbbbbbbbbbbbbbbbbbbbbbbbbbbbbbbbbbbbbbbbbbbbbbbbbbbbbbbbbbbbbbbbbbbbbbbbbbbbbbbbbb2 PM3:32 PM3:32 PM3:32 PM3:32 PM3:32 PM3:32 PM3:32 PM3:32 PM3:32 PM3:32 PM3:32 PM3:32 PM3:32 PM3:32 PM3:32 PM3:32 PM3:32 PM3:32 PM3:32 PM3:32 PM3:32 PM3:32 PM3:32 PM3:32 PM3:32 PM3:32 PM3:32 PM3:32 PM3:32 PM3:32 PM3:32 PM3:32 PM3:32 PM3:32 PM3:32 PM3:32 PM3:32 PM3:32 PM3:32 PM3:32 PM3:32 PM3:32 PM3:32 PM3:32 PM3:32 PM3:32 PM3:32 PM3:32 PM3:32 PM3:32 PM3:32 PM3:32 PM3:32 PM3:32 PM3:32 PM3:32 PM3:32 PM3:32 PM3:32 PM3:32 PM3:32 PM3:32 PM3:32 PM3:32 PM3:32 PM3:32 PM3:32 PM3:32 PM3:32 PM3:32 PM3:32 PM3:32 PM3:32 PM3:32 PM3:32 PM3:32 PM3:32 PM3:32 PM3:32 PM3:32 PM3:32 PM3:32 PM3:32 PM3:32 PM3:32 PM3:32 PM3:32 PM3:32 PM3:32 PM3:32 PM3:32 PM3:32 PM3:32 PM3:32 PM3:32 PM3:32 PMcvvvvvvvvvvvvvv,56620,56594,56670,56789,56832,56927,57002,57215,57364,57612,57818,58123,58381,58812,59165,59376,59617,59755,60196,60390,60727,60792,60874,60910,61177,61322,61409,61662,62121,62647,62690,62878,63060,63495,63875,64304,64572,64703,64890,65153,65380,65694,66181,66657,67044,67498,68076,68585,68830,69262,69655,70096,70439,70835,71367,71828,72199,72285,72386,72608,73157,73765,74221,74457,74386,74251,74007,74135,74332,74831,75054,75239,75219,75062,75167,75464,76133,76618,77085,77000,77130,77114,77426,77580,77764,77917,78024,78000,77906,77974,78018,78523,78876,79337,79509,79801,80150,80675,80957,81361,81649,82059,82459,82594,82562,82455,82569,82857,83099,83285,83749,84088,84478,84520,84639,84890,85452,85982,86312,86381,86439,86194,85904,85734,85653,85581,85416,85288,85016,84629,84014,82947,81846,81249,80738,80044,79316,78875,78392,77537,76643,75555,74776,74340,74173,73460,72233,70957,69607,68337,67141,66130,64816,63952,63057,62520,61639,61193,61164,61285,61397,61420,61569,61552,61876,61950,62516,62692,62793,62287,61832,61183,60524,59466,58456,57939,57336,56820,55639,54844,54089,53824,52977,52447,51531,50969,50313,49629,49392,48776,48402,47538,46984,46389,46112,45678,45835,46294,46784,47236,46974,47385,47640,48304,48824,49012,49647,50401,51416,51826,51852,51425,51258,50771,50139,49538,48907,48888,48662,48402,47644,47107,46816,46732,47074,47277,48061,48318,48787,48929,48710,48529,48452,48819,49286,49746,49629,49821,49646,50063,50293,50768,51686,52629,53488,53527,53433,53593,54313,54886,55614,56145,57058,57571,57844,57685,57696,58112,58957,59590,60053,60474,61133,61881,62154,62655,63328,64450,65395,66744,67953,69305,70076,70621,70785,71181,71615,72477,73130,73949,74299,74207,74089,74143,74713,75571,76656,77615,78825,79740,80890,81902,83536,85417
271057,858,West Boulevard,Neighborhood,OH,OH,Cleveland,Cleveland-Elyria,Cuyahoga County,West Boulevard,68947,68892,68929,69018,69078,69237,69325,69486,69602,69533,69409,69184,69242,69543,69864,70095,70498,70697,71031,71200,71625,72397,73277,74376,75035,75598,76043,76596,76923,77529,78264,79203,79732,80048,80300,80560,81047,81128,81284,81418,81878,82175,82243,82331,82856,83682,84665,85360,85783,86680,87573,88430,88637,89038,89446,89971,90096,90133,90276,90713,91346,91711,92041,92255,92904,93401,94265,94803,95419,95870,95955,95859,95535,95370,95364,95545,95678,95705,95069,94751,94537,94494,94525,94505,94703,94675,94651,94777,94831,94925,95316,95497,95771,95858,96231,96944,97644,98535,98984,99262,99807,100626,101530,102341,102917,103585,103998,104184,104495,104715,105134,105473,105421,105340,105095,105292,105840,106629,107417,107895,107696,107504,107529,107418,107027,106317,106047,105846,104897,103409,101966,101337,101676,101640,100883,99706,99335,99166,98195,96572,95328,94912,94191,92764,90538,88444,87062,86124,85032,83486,82334,81281,80163,78064,75938,74057,72674,71698,70746,70169,69384,68962,68306,67784,67546,68019,68600,68884,68885,69148,69079,68518,67600,66861,66565,66347,65568,64503,63395,62157,60550,58708,57752,57132,56327,54914,53577,51973,50419,48518,47320,47118,47593,47733,47039,46076,45685,45486,44797,44269,44320,44860,45111,44624,44179,43819,43609,43711,43866,44265,44640,45382,45837,46456,46564,46876,46503,46193,45825,45105,44193,43588,44089,44387,44818,44430,44525,44176,44265,44298,44395,44714,45258,45434,44874,44076,43250,43281,43030,43214,43550,44196,45078,45703,46083,46499,46777,47306,47797,47940,48405,48858,49213,49326,49690,50680,51819,52831,53627,54397,54932,55835,56573,57331,58216,59507,60359,60357,60207,60224,61047,61550,62501,62918,63675,64381,64728,64965,65163,65807,66478,67484,68670,69773,70213,70663,70998,71602,72460,73245,74251,75257,76320,77077,77301,77826,78761
271041,916,South Broadway,Neighborhood,OH,OH,Cleveland,Cleveland-Elyria,Cuyahoga County,South Broadway,32021,31861,31778,31574,31442,31287,31115,30909,30695,30518,30438,30468,30451,30440,30313,30342,30316,30332,30304,30377,30566,30791,30841,30703,30630,30726,30948,31060,31136,31319,31682,32088,32389,32585,32872,33258,33731,34061,34518,34801,35277,35563,35913,36077,36229,36477,36888,37421,37876,38277,38220,38366,38467,38877,39026,39242,39668,40031,40310,40397,40648,40658,41100,41420,42051,42209,42518,42766,42984,43203,43229,43326,43131,43288,43182,43114,42647,42372,42250,42244,42220,42091,41824,41532,41363,41569,41908,42351,42606,43070,43359,43675,43640,43590,43952,44512,45366,45391,45378,45124,45324,45287,45187,45030,45334,45876,46374,46699,46748,47217,47622,48162,48513,48983,49644,50285,50721,50870,50821,50823,50899,50928,51090,51211,51435,51537,51768,51981,52113,52103,51752,51424,51081,50903,50357,49697,49014,48457,47648,46881,46407,46460,47044,47293,47227,46601,45859,44705,42973,41266,39879,38918,37845,36580,35239,34229,33487,32977,32702,32834,33322,33682,33642,32958,32271,31814,31389,30763,29977,29614,29560,29804,30184,30630,31216,31964,32783,33170,33643,34226,35014,35463,35348,34807,34039,33542,33125,33225,33130,33152,32520,31893,31204,30756,30900,31381,32105,32518,32844,32629,32405,32315,32804,33203,33661,33889,33629,33039,32321,31842,31655,31689,31832,31817,32001,32334,32486,32011,31718,31486,31681,31711,31370,30785,30170,30005,29728,29494,29316,29667,29890,30126,29720,29440,29413,29906,30509,30561,30449,30364,30647,31161,31471,31537,31770,32132,32612,32616,32237,32129,32353,32841,32912,32388,31891,31728,31931,31987,31634,31274,31424,31712,31961,31497,31263,31548,32618,33567,34310,34752,35295,36078,37054,38216,38807,39461,39597,40021,39919,40177,39890,40032,40096,40292,39631,38725,38164,38180,38555,38597,38646,38497,38844,39151,39648,40056,41016
271018,973,Mt Pleasant,Neighborhood,OH,OH,Cleveland,Cleveland-Elyria,Cuyahoga County,Mt Pleasant,,,,,,,,,,,,,,,,,,,,,,,,,,,,,,,,,,,,,,,,,,,,,,,,,,,,,,,,,,,,,,,,,,,,,,,,,,,,,,,,,,,,,,,,,,,,,,,,,,,,,,,,,,,,,,,,,,,,,,,,,,,,,,,,,,,,,,,,,,,,,,,,,,,,,,,,,,,,,,,,,,,,,,,,,,,,,,,,,,,,,,,,,,,,,,,,,,,,,,,,,,,,,,,,,,,,,,,,,,,,,,,,,,,,,,,,,,,,,,,,,,,32093,32469,32607,32898,32696,32388,32072,32046,32226,32351,32391,32221,32092,31713,31423,31055,31252,31501,31791,31733,31393,31122,30996,31249,31494,31662,31827,32096,32537,33082,33523,33667,33672,33621,33538,33470,33344,33472,33388,33663,33932,34384,34658,35108,35638,36275,36920,37483,38080,38560,39201,39567,39857,39979,40301
200981,1043,Glenville,Neighborhood,OH,OH,Cleveland,Cleveland-Elyria,Cuyahoga County,Glenville,,,,,,,,,,,,,,,,,,,,,,,,,,,,,,,,,,,,,,,,,,,,,,,,,,,,,,,,,,,,,,,,,,,,,,,,,,,,,,,,,,,,,,,,,,,,,,,,,,,,,,,,,,,,,,,,,,,,,,,,,,,,,,,,,,,,,,,,,,,,,,,,,,,,,,,,,,,,,,,,,,,,,,,,,,,,,,,,,,,,,,,,,,,,,,,,,,,,,,,,,,,,,,,,,,,,33402,33324,33000,32455,31738,31328,30941,30679,30335,30096,30024,30196,30654,30910,30930,31019,31489,31706,31824,31717,32092,32198,32108,31605,30790,30048,29905,29738,29473,29087,28913,28861,28208,27775,27332,27150,26855,26437,25897,25394,24984,24599,24244,23929,23883,23873,23908,23778,23830,24215,24798,25158,24928,24662,24369,24480,24735,25143,25440,25298,24749,24095,23618,23496,23583,23814,24051,24308,24624,24722,24896,25209,25874,26358,26696,26983,27438,27825,28265,28531,28681,28973,29289,29790,30218,30842
271020,1075,North Collinwood,Neighborhood,OH,OH,Cleveland,Cleveland-Elyria,Cuyahoga County,North Collinwood,50930,50997,51115,51327,51658,51961,52229,52494,52733,52882,52884,52976,53110,53344,53454,53639,53745,53939,54160,54303,54423,54665,55041,55352,55561,55681,55874,56045,56059,56011,55944,56024,56162,56352,56688,56886,57160,57507,58017,58325,58574,58752,59080,59422,59871,60163,60333,60534,60689,60756,60770,61018,61579,62117,62525,62628,62673,62759,62963,63287,63596,63939,64250,64514,64674,64868,65218,65821,66445,66811,66897,66748,66806,67001,67234,67358,67376,67370,67258,67107,67027,67281,67717,68218,68479,68606,68688,68934,69203,69523,69658,69715,69606,69435,69361,69493,69740,69868,69979,69935,70165,70201,70471,70720,71133,71621,72028,72390,72681,73150,73577,74272,74483,75147,75708,76567,77291,77862,78468,78887,79101,79234,79343,79184,78933,78409,78196,77816,77274,76758,76148,75681,75349,75106,74717,74252,74270,74357,73828,73141,72933,73181,73344,72988,72623,71950,71366,70548,69197,67846,67017,66474,65565,63806,62262,61136,60649,60043,60117,60132,61099,61659,62310,62485,62347,62497,62223,62231,61511,61347,60451,60151,59161,58564,57067,55655,54585,53815,53404,52278,51043,49912,48962,48135,47147,46247,45697,45102,44572,44164,43767,43738,43635,43165,42363,41519,40969,40291,39744,39361,39152,38722,38223,38112,38643,39493,40610,41208,41338,41504,41839,42670,43279,43690,43986,43769,43091,42162,41526,41304,41546,41656,41809,41823,42109,42872,43830,44844,45826,46642,47124,47719,48084,48637,48901,48928,48906,48372,48015,47630,47743,47981,48228,47891,47812,47797,48415,48924,49163,49351,49041,49066,48309,47625,46937,47277,47944,48844,49051,49194,48988,49308,49803,50136,50826,51923,53244,53970,53859,53685,53527,53684,54319,55075,56079,56925,57895,58747,59602,60653,62003,63136,64119,64781,65400,65804,66112,66535,66848,67059,67182,67292,67572,68021,68760,69608,70314
274289,1123,Lee Miles,Neighborhood,OH,OH,Cleveland,Cleveland-Elyria,Cuyahoga County,Lee Miles,,,,,,,,,,,,,,,,,,,,,,,,,,,,,,,,,,,,,,,,,,,,,,,,,,,,,,,,,,,,,,,,,,,,,,,,,,,,,,,,,,,,,,,,,,,,,,,,,,,,,,,,,,,,,,,,,,,,,,,,,,,,,,,,,,,,,,,,,,,,,,,,,,,,,,,,,,,,,,,,,,,,,,,,,,,,,,,,,,,,,,,,,,44500,44152,44158,43923,43625,42935,42010,41187,40376,40035,40045,40108,40061,39648,38981,38382,38361,39020,39927,40913,42100,42899,43148,43285,43422,44365,45442,46318,46474,46089,46135,45723,45265,44555,44032,43581,43491,43338,43048,43003,42861,43304,43233,43727,43836,43766,43814,44061,44438,44887,44998,45025,44714,44407,44494,45025,45927,47187,48292,49579,50422,50935,51571,52048,53305,54547,56080,56856,56904,56282,55701,54999,54820,55161,56227,57217,58188,58753,58673,58484,58968,60797,62412,63773,64464,64594,63633,62926,62424,62401,62224,62640,63066,63174,63168,63718,64247,64703,65181,65842,66373,66968,67984,68829,69575,70140,71045,71791,72935,74459,76519,78474
273464,1152,Detroit Shoreway,Neighborhood,OH,OH,Cleveland,Cleveland-Elyria,Cuyahoga County,Detroit Shoreway,52363,52433,52318,52198,52120,52137,51850,51416,51012,50947,51181,51163,51303,51097,51516,51695,51831,51397,51344,51654,52434,53046,53093,53569,53873,54557,54224,54119,54116,55096,56178,56998,56947,56526,56514,56495,56514,56503,56987,57815,58613,59137,59822,60629,61535,62321,62865,63282,63663,64151,65077,66120,66847,67041,66347,65732,65590,65519,65691,65747,65935,65923,65669,65231,65334,65509,66422,67159,67557,67940,68006,68394,69063,69660,70237,70264,70002,70434,70941,71582,72103,72785,73184,73532,73780,74519,74531,74989,75666,76182,76696,76967,77294,77070,77530,78035,78101,77513,77529,77755,77976,77810,77274,77108,77313,78731,79739,80819,81303,82318,83006,83804,84239,84923,86378,88137,89656,89480,89494,88905,89344,89205,89976,90789,91758,92104,91392,89193,86931,85741,84742,84586,84619,84837,83668,81650,80157,79733,79604,80252,80837,81809,82155,81806,80212,78945,78065,77236,75570,72904,71025,70211,70103,69138,68462,67842,68101,67901,68443,69773,71278,73270,74046,73373,72070,71244,71132,71165,71813,73287,73976,74330,74550,74678,74493,73968,73312,72601,71845,71260,69892,67900,67211,66692,66047,64923,65287,67319,69174,70244,69784,69653,69199,68942,67205,65443,64515,64558,63880,62702,61907,62555,64087,64677,65795,66525,67931,69125,69858,69852,69669,69203,69988,70051,70072,69699,69491,69714,69766,69608,69890,71161,73149,74533,74173,73938,73932,74843,74777,75196,75348,76171,76556,76526,76098,76063,76194,76173,76103,76586,77733,78494,79702,80738,82302,83745,85233,86657,88426,90662,92765,94434,96352,98625,101485,103942,105519,106616,108076,110456,112658,114017,115960,118780,122316,125001,126370,127630,129163,130982,131826,132293,134049,137086,140141,141551,140446,139149,138411,139203,140411,141694,143653,145224,145769,145754,145386,145875,147793,150274,152855,154429,155685,156851,157937,159398,161118
201373,1168,Hough,Neighborhood,OH,OH,Cleveland,Cleveland-Elyria,Cuyahoga County,Hough,,,,,,,,,,,,,,,,,,,,,,,,,,,,,,,,,,,,,,,,,,,,,,,,,,,,,,,,,,,,,,,,,,,,,,,,,,,,,,,,,,,,,,,,,,,,,,,,,,,,,,,,,,,,,,,,,,,,,,,,,,,,,,,,,,,,,,,,,,,,,,,,,,,,,,,,,,,,,,,,,,,,,,,,,,,,,,,,,,,,,45576,45955,46318,47053,47724,48224,48225,47673,46915,46062,45120,44352,43830,43664,43250,42584,41518,40309,39553,39361,39365,39409,39423,39013,38270,37138,36258,35358,34755,34572,34621,34759,34604,34130,33707,33579,33720,33650,33627,33874,34732,35479,35614,35327,35477,36321,37146,37633,37295,36739,35872,35021,33925,32912,32586,32515,32129,31289,30295,29465,29305,29666,30119,30352,30206,30435,30422,30392,30188,30011,30248,30440,30692,30568,30738,30899,31480,31783,31860,31677,31446,31328,31033,30847,30432,30439,30050,30294,30427,30601,30589,30836,31667,32795,34073,35157,35792,35700,35871,35745,35698,35629,35885,36109,36060,35877,35624,35363,35578,36219,36819,37320,37758,38263,38735,39202,39642
270974,1375,Central,Neighborhood,OH,OH,Cleveland,Cleveland-Elyria,Cuyahoga County,Central,,,,,,,,,,,,,,,,,,,,,,,,,,,,,,,,,,,,,,,,,,,,,,,,,,,,,,,,,,,,,,,,,,,,,,,,,,,,,,,,,,,,,,,,,,,,,,,,,,,,,,,,,,,,,,,,,,,,,,,,,,,,,,,,,,,,,,,,,,,,,,,,,,,,,,,,,,,,,,,,,,,,,,,,,,,,,,,,,,,,,,,,,,,,,,,,,,,,,,,,,,,,,,,,,,,,,,,,,,,,,,,,,,,,,,,,,,,,,,,,,,96559,96420,96641,96029,94981,94077,94049,94564,95159,95629,96115,95653,95037,94736,94613,95757,97220,98648,98471,97495,95993,95210,94808,96134,97877,98709,98129,97003,96785,96602,97393,98480,100443,101540,101700,102057,102304,103089,104329,105190,106117,105579,105463,105352,105784,106213,106856,107099,107326,107470,107570,107934,107874,108814,109154,109382
270976,1387,Corlett,Neighborhood,OH,OH,Cleveland,Cleveland-Elyria,Cuyahoga County,Corlett,,,,,,,,,,,,,,,,,,,,,,,,,,,,,,,,,,,,,,,,,,,,,,,,,,,,,,,,,,,,,,,,,,,,,,,,,,,,,,,,,,,,,,,,,,,,,,,,,,,,,,,,,,,,,,,,,,,,,,,,,,,,,,,,,,,,,,,,,,,,,,,,,,,,,,,,,,,,,,,,,,,,,,,,,,,,,,,,,,,,,,37290,37305,37300,36740,36085,35243,34681,34092,33704,33135,32488,31542,30956,30054,29048,28419,27892,27504,26819,26325,25953,25803,25680,25936,25872,26196,26387,26655,26970,27503,27956,28028,27379,26887,26584,26297,25918,25473,25375,25185,24937,24451,24333,24619,25402,25688,25899,26003,26331,26190,25905,25725,25700,25907,25750,25563,25283,25452,25509,25497,25552,25921,26195,26228,26037,25912,26191,26459,26938,26989,27062,27039,27207,27496,27837,28140,28678,28996,28844,28673,28339,28448,28609,28938,29210,29452,29669,30062,30164,30455,30951,31369,31809,31753,31707,31575,31670,31937,32316,32416,32618,32488,32496,32395,32522,32861,33215,33594,33816,33916,33972,34214,34533,35114,35618,36292
273081,1468,Buckeye-Shaker,Neighborhood,OH,OH,Cleveland,Cleveland-Elyria,Cuyahoga County,Buckeye Shaker,45102,45137,45161,45173,45247,45224,45164,45035,45055,45034,45079,45108,45140,44999,44828,44755,44705,44826,44972,45134,45086,45184,45409,45705,46027,46489,46964,47543,48017,48382,48752,49344,50155,50844,51122,51291,51521,52026,52693,52965,53049,53295,53777,54192,54166,54176,54341,54700,54880,54906,54807,54954,55541,55978,56076,55743,55810,55843,56151,56343,56815,57061,57501,57761,57759,57345,57251,57573,57926,58182,58357,58551,58690,58892,58532,58288,58101,58927,59393,59800,59785,59961,60042,60138,60251,60411,61049,61801,62445,62328,62172,62197,62661,63101,63224,63133,62925,62899,63009,63009,63164,63402,63898,63861,63595,63305,63376,63809,64253,64697,64745,64684,64595,64606,64968,65593,66362,66695,67180,67274,67398,67258,67449,67719,67772,67841,67600,67321,66864,66983,67096,67162,66989,66882,66540,66183,65979,65773,65298,64699,64220,63302,62028,60928,60331,59682,58884,57770,56554,55187,54113,53583,52898,52346,51704,51440,50564,49330,48156,47284,46842,46474,46205,45327,44654,44143,43915,43092,42481,42450,42475,42764,42625,42556,41906,41496,41281,40932,40387,39940,40026,40368,40922,41009,40820,40636,40748,41044,40826,40796,41010,41478,41501,40995,40594,40552,41187,41569,42100,42250,42781,43127,43121,42946,42543,42399,42012,41867,41351,40835,40188,40035,39694,39325,39488,40008,40912,41162,41416,40815,40507,40551,41015,40864,40604,40349,39952,39360,38681,38747,38553,38912,39031,39177,39270,39858,40785,41725,42358,42896,43320,43868,44785,45730,46308,46901,46911,47164,47309,47554,47813,48141,48749,48742,48650,48495,49420,49972,50782,51141,51750,52464,53007,53376,53694,54669,55418,56182,56322,57027,57895,58449,58469,58541,59861,61582,63038,63627,64601,65566,66522,67109,67879,69063,69941,70305,69713,69441,69428,70040,70588,71277,72166,73221,74077,75023,76630
271042,1510,South Collinwood,Neighborhood,OH,OH,Cleveland,Cleveland-Elyria,Cuyahoga County,South Collinwood,,,,,,,,,,,,,,,,,,,,,,,,,,,,,,,,,,,,,,,,,,,,,,,,,,,,,,,,,,,,,,,,,,,,,,,,,,,,,,,,,,,,,,,,,,,,,,,,,,,,,,,,,,,,,,,,,,,,,,,,,,,,,,,,,,,,,,,,,,,,,,,,,,,,,,,,,,,,,,,,,,,,,,,,,,,,,,,,,,,,,,,,,,,,,,39368,38859,38628,37987,37736,37363,37372,37181,36964,36456,36383,36573,37136,37745,38337,38489,38344,38553,38934,39262,39277,39572,39460,38998,37836,36829,35746,35666,35263,34772,33269,32477,32253,32473,32459,32385,32423,32482,32483,32263,32434,32550,32895,32931,32969,32574,32200,32076,32337,32637,32976,33004,32971,32784,33049,33286,33566,33780,33850,33591,33316,33205,33100,32931,32897,33332,33594,33969,33843,34030,34396,34988,35337,35762,36185,37068,37663,38452,38970,39320,39632,40245,40743,41609,42276,43058,43335,43058,42880,42464,42530,42553,43092,43341,43586,43473,43587,43564,43820,44216,44615,44918,44965,45046,44810,44516,44193,43866
276261,1554,Clark-Fulton,Neighborhood,OH,OH,Cleveland,Cleveland-Elyria,Cuyahoga County,Clark Fulton,,,,,,,,,,,,,,,,,,,,,,,,,,,,,,,,,,,,,,,,,,,,,,,,,,,,,,,,,,,,,,,,,,,,,,,,,,,,,,,,,,,,,,,,,,,,,,,,,,,,,,,,,,,,,,,,,,,,,,,,,,,,,,,,,,,,,,,,,,,,,,,,,,,,,,,,,,,,,,,,,,,,,,,,,,,,,,,,,,,,,,,,,,,,,,,,,,,,,,,,,,,,35662,36141,36327,36490,36529,36319,36261,36088,36193,36202,36078,35812,35870,35717,35651,35602,35491,35528,35368,35460,35137,34862,34692,34629,34234,33675,33092,33068,33219,33839,34216,34507,34740,35003,35462,36313,37216,38046,38991,39324,40058,40099,40835,41171,41743,42392,42647,42118,41146,40242,39372,38966,38579,38286,37587,37321,37316,37480,37729,38220,38658,39248,39582,39972,40166,40595,40870,40824,40691,40711,41019,41805,42567,43356,44064,44747,45015,45620,46601,47844,48436,48541,48502,48197,48249,48260,48593,48940,49839,50417,50954,51474,52664,54282
200246,1600,Cudell,Neighborhood,OH,OH,Cleveland,Cleveland-Elyria,Cuyahoga County,Cudell,,,,,,,,,,,,,,,,,,,,,,,,,,,,,,,,,,,,,,,,,,,,,,,,,,,,,,,,,,,,,,,,,,,,,,,,,,,,,,,,,,,,,,,,,,,,,,,,,,,,,,,,,,,,,,,,,,,,,,,,,,,,,,,,,,,,,,,,,,,,,,,,,,,,,,,,,,,,,,,,,,,,,,,,,,,,,,,,,,,,,,,,,,,,,,,,,,,,,,,,,,,,,,,,,,,48187,47165,46533,45270,44523,43956,43511,43338,43049,42785,42694,42736,43117,43590,44378,45038,45154,45012,44673,44448,44287,44313,44178,44158,43847,43941,43362,42853,42551,42837,43852,44191,44799,45060,45510,45897,46272,46306,46637,47417,48224,48366,47329,46826,46785,47572,48188,48244,47951,48277,48843,48942,48947,49684,51531,53190,53974,53857,53791,54293,55215,55971,56602,57563,58634,58952,58772,58129,57723,57748,58672,59654,60430,60531,60706,60919,61118,61740,62451,63627,65114,66662,67560,68358,69331,71013,72831
275800,1698,Union Miles Park,Neighborhood,OH,OH,Cleveland,Cleveland-Elyria,Cuyahoga County,Union Miles Park,,,,,,,,,,,,,,,,,,,,,,,,,,,,,,,,,,,,,,,,,,,,,,,,,,,,,,,,,,,,,,,,,,,,,,,,,,,,,,,,,,,,,,,,,,,,,,,,,,,,,,,,,,,,,,,,,,,,,,,,,,,,,,,,,,,,,,,,,,,,,,,,,,,,,,,,,,,,,,,,,,,,,,,,,,,,,,,,,,,,,,,,,,,,,,,,,,,,,,,,,,,,24866,24969,25120,25428,25960,26352,26628,26663,26863,26870,26586,26276,25957,25849,25641,25626,25303,25063,24822,24752,24440,24368,24548,24575,24633,24851,25329,25477,25407,25262,25079,25053,24966,24985,25231,25816,26219,25795,24942,24046,23493,23350,23725,24148,24666,24620,24187,23414,22838,22772,23027,23447,23867,23749,23273,22535,21990,21801,21876,22095,22197,22353,22502,22818,23112,23751,24219,24742,24943,25182,25510,26002,26622,26933,27136,27410,27367,27166,27278,27620,28172,28211,28304,28244,28258,28450,28726,28870,29321,29871,30371,30795,31259,32149
274874,1824,Ohio City,Neighborhood,OH,OH,Cleveland,Cleveland-Elyria,Cuyahoga County,Ohio City,,,,,,,,,,,,,,,,,,,,,,,,,,,,,,,,,,,,,,,,,,,,,,,,,,,,,,,,,,,,,,,,,,,,,,,,,,,,,,,,,,,,,,,,,,,,,,,,,,,,,,,,,,,,,,,,,,,,,,,,,,,,,,,,,,,,,,,,,,,,,,,,,,,,,,,,,,,,,,,,,,,,,,,,,,,,,,,,,,,,,,,,,,,,,,,,,,,,,,,,,,,,,,,,,,,,,,,,,,,,,,,,,,,,,,,,,,,,,,,,,,,,,,,,,,,,,,,,,,,,,170318,171495,172304,174094,176352,178955,181101,182400,182586,182856,182362,182519,182846,183363,184124,184539,183562,181501,180076,180168,182221,183695,186431,187382,187583,186867,186441,186812,187790,189295,190527,191096,190748,190748,190221,190657,191540
270983,1845,Downtown,Neighborhood,OH,OH,Cleveland,Cleveland-Elyria,Cuyahoga County,Downtown,,,,,,,,,,,,,,,,,,,,,,,,,,,,,,,,,,,,,,,,,,,,,,,,,,,,,,,,,,,,,,,,,157003,159012,159022,160124,159658,160482,161535,162204,162858,164121,167005,169428,171069,171266,172964,173974,175762,173993,170839,168966,168372,167926,164600,161020,158220,155120,152557,150528,150933,153611,157825,160342,161196,160551,160759,161848,164183,167258,169735,172110,173368,174350,174816,175893,176085,175652,175800,178021,178634,178001,175917,175578,175225,175138,175186,175436,175829,177233,179126,178215,177450,177394,179531,179765,179912,180315,179787,178593,177923,177121,176030,175668,176590,178192,179269,181662,183883,183659,183018,181941,181699,181169,179333,177079,174358,171023,168776,166667,166415,167027,168182,169053,168243,167423,168498,170594,172771,175094,176515,176308,173303,171145,169071,168044,168514,169385,169917,169157,167947,166347,163399,161465,159461,157662,155480,153945,152064,149934,146435,144026,141979,140297,139738,138980,140679,141543,143299,142684,141727,140598,140494,140509,140061,139886,139493,139796,138845,138651,138255,139209,140286,141595,142637,143054,143650,144635,146227,147221,147685,147342,146815,147270,148177,147663,146502,144991,144944,145221,146122,146946,147210,147592,147938,147935,147222,148728,151507,154729,155739,155397,153336,152117,151652,152923,153878,154590,155800,156153,156313,155825,156409,158244,160925,162387,163953,163850,164406,164275,163133,161115,158924,159405,160973,161300,160855,160871,161999,163067,162996,163444,165514,169653,172829,174185,173115,172576,172291,172546,172399,172410,173908,174261,173888,172026,171691,171364,172406,173259,174406,174130,173318,172415,171201,170881,170501,170513,169995,169909,169724,169711,169563,170261,171430
270970,1989,Brooklyn Centre,Neighborhood,OH,OH,Cleveland,Cleveland-Elyria,Cuyahoga County,Brooklyn Centre,73692,73488,73308,72982,72995,72982,72938,72846,72513,71966,71148,70857,70877,71243,71834,72521,72830,73067,73682,74429,75657,77393,79599,81153,81972,82368,82205,82345,82803,83914,84516,85091,85780,86209,86582,86784,87696,88670,90415,91479,92000,92063,92570,93501,93839,94355,95021,96190,97165,98007,98534,98902,99676,100509,101344,101739,102863,104156,104962,104948,105321,106236,106623,107472,108252,109176,109900,111034,112351,112901,113083,113698,114270,114193,114303,114081,113929,113975,113467,112619,110758,109846,110122,110742,110138,109591,109485,109757,110413,111067,112920,114822,117108,119414,120417,120726,121425,122393,123322,124127,124775,125148,124541,123558,122664,121474,121604,122419,123749,124862,125641,126716,127215,127332,127862,128928,130521,131661,132420,132123,132102,132494,133546,133892,133725,134432,135521,136095,135662,135048,133586,132692,130981,129939,127828,125116,123287,120707,117684,113848,110261,108101,106579,105994,105469,103657,101673,100492,99910,99357,99003,99628,100928,100672,100406,98742,97149,94534,92132,90197,88035,86739,85213,84242,82815,81882,80935,80163,79544,80306,82102,83787,84653,84125,82687,80313,78120,77048,76247,76551,76268,75966,74346,72459,70607,69786,70093,71435,72018,71757,70414,68711,67861,67265,67193,66530,66125,64848,63487,62039,62061,61707,61877,61122,60756,60181,60334,60922,61931,63397,64597,64799,64723,65078,65731,66678,66717,66253,65332,65202,65211,65433,65647,66322,66027,65683,64968,64801,64294,63901,63067,61136,58631,55668,53558,51521,49948,48216,46906,45759,45482,45844,45966,46238,46742,48087,48645,49324,49952,50572,50622,50516,50122,49366,49302,49671,50141,49996,50050,50257,50549,51562,53285,54721,55990,56813,57316,57540,57541,57846,58302,58299,57969,57483,57524,57810,57406,56811,56418,56248,56790,57282,58037,58538,59309,59691,59531,59463,60093,61189,62147,62998,63333,63685,63742,64248,64733
275814,2187,University District,Neighborhood,OH,OH,Cleveland,Cleveland-Elyria,Cuyahoga County,University District,,,,,,,,,,,,,,,,,,,,,,,,,,,,,,,,,,,,,,,,,,,,,,,,,,,,,,,,,,,,,,,,,,,,,,,,,,,,,,,,,,,,,,,,,,,,,,,,,,,,,,,,,,,,,,,,,,,,,,,,,,,,,,,,,,,,,,,,,,,,,,,,,,,,,,,,,,,,,,,,,,,,,,,,,,,,,106386,104959,104339,102869,102210,100583,98120,95136,92861,91802,91775,91645,91369,91282,90870,90573,89682,90403,92061,94178,95388,94539,92104,90048,89250,88809,88001,86178,84101,82423,81559,82020,83024,85433,88357,90919,91901,92536,93836,96792,100590,102097,103035,101812,100610,98192,96235,95013,94578,94902,95005,94893,94248,95113,94821,95522,94752,94675,93498,92793,92590,93012,94042,93786,93425,92281,91847,90535,90964,92404,95403,97154,97911,97589,97810,99411,100414,100866,101381,103637,105107,104607,104165,105197,107781,109337,109713,109175,109972,111248,112999,113478,114341,116240,116817,117042,116743,118628,120008,121700,123278,125799,128353,130627,132516,133151,133836,134035,134892,135991,137812,139302,138875,138079,136630,136475,136592,137696,139531,141774,143576,144445,145499,147078,150247
270987,2293,Edgewater,Neighborhood,OH,OH,Cleveland,Cleveland-Elyria,Cuyahoga County,Edgewater,73018,72796,72642,72492,72601,72545,72464,72511,72941,72906,72926,73047,73424,73757,74144,74692,74755,75112,75308,75265,74772,75408,76225,77006,77271,77956,78497,78700,79375,80108,81394,82781,83987,84372,84533,85037,86233,87194,88295,89151,89852,90504,91033,92028,93562,95320,96753,97004,96529,96085,96176,96787,97160,97517,97565,97620,97618,97750,98192,99386,100871,101843,102460,102794,103645,104247,105010,104924,104361,103823,103649,103837,103954,104552,104689,104816,104741,104627,104796,105317,106828,107958,108906,109065,109546,109840,110641,111598,112376,113441,114088,115840,116563,117243,117003,117087,117256,117438,117841,117839,118115,118803,119494,118542,117213,116896,118075,119942,120821,121771,122095,122911,123395,123286,123437,124401,126546,127652,127975,127169,126524,125833,125237,124893,124826,124757,124436,123657,122284,121157,119771,119305,119711,119736,119121,117234,115754,114682,114596,114454,114401,113982,113988,113431,112372,111519,111649,112118,111737,110227,107889,105858,104657,103336,102394,100414,99103,97478,96771,96765,97544,99084,99803,100249,99517,99650,99426,100857,101798,103598,103910,103985,102532,100788,99364,98077,96717,95131,94198,93315,92372,90887,89590,87935,86744,86005,85847,86311,87116,88046,87713,86545,85017,83849,83037,82351,82313,81841,81444,81271,81615,82051,82435,83264,84842,86364,87661,88354,88881,89382,90569,91015,91779,91271,91051,90007,89059,88076,87540,87674,87879,88572,88773,89418,88757,88919,89192,90505,90681,90973,90483,91154,91556,92310,92122,90931,90595,90158,90571,90690,91993,93361,95136,95793,97092,98154,99582,101310,102144,103927,105312,107033,107443,107377,107549,108442,108893,108724,109073,110308,112059,112828,113495,114311,117155,120456,123372,124851,125539,127013,127727,127959,129002,130808,133328,134237,133260,131914,130788,130874,132119,133719,135742,137464,138300,139140,139287,140517,142293,144148,145859,147204,147969,148076,147992,148122,148341
276135,2325,Woodland Hills,Neighborhood,OH,OH,Cleveland,Cleveland-Elyria,Cuyahoga County,Woodland Hills,,,,,,,,,,,,,,,,,,,,,,,,,,,,,,,,,,,,,,,,,,,,,,,,,,,,,,,,,,,,,,,,,,,,,,,,,,,,,,,,,,,,,,,,,,,,,,,,,,,,,,,,,,,,,,,,,,,,,,,,,,,,,,,,,,,,,,,,,,,,,,,,,,,,,,,,,,,,,,,,,,,,,,,,,,,,,,,,,,,,,,,,,,,,,,,,,,,,,,,,,,34497,34462,34413,34344,34225,33968,33458,32733,32028,31825,31815,31803,31305,30743,30109,29531,28804,28547,28544,28920,28886,28305,27479,26900,26993,27253,27494,27506,27843,27737,27637,27352,27665,27971,28152,27825,27231,26509,26136,26010,25821,25350,24918,24426,24041,23499,23361,23471,23941,24228,24157,24023,23953,24454,24917,25398,25477,25632,25446,25407,25228,25372,25537,25737,26169,26675,27243,27718,27974,28298,28743,29391,30053,30927,31887,32602,32473,31980,31426,31134,31155,31200,31720,32147,32734,32798,32885,33206,34087,35111,36213,37230,38279,39335,40036,40744
271045,2403,Stockyards,Neighborhood,OH,OH,Cleveland,Cleveland-Elyria,Cuyahoga County,Stockyards,,,,,,,,,,,,,,,,,,,,,,,,,,,,,,,,,,,,,,,,,,,,,,,,,,,,,,,,,,,,,,,,,,,,,,,,,,,,,,,,,,,,,,,,,,,,,,,,,,,,,,,,,,,,,,,,,,,,,,,,,,,,,,,,,,,,,,,,,,,,,,,,,,,,,,,,,,,,,,,,,,,,,,,,,,,,,,,,,,,,,,,,,,,,,,,,,,,,,,,,,,,,,,,,,,,,,,,,,,,,,,,33712,33310,33181,32832,32930,33143,33454,33563,33457,33494,33602,33660,33654,33893,34062,34069,33620,33291,33075,33216,33731,34059,34220,34287,34340,34493,34711,35457,35700,35436,34628,33826,32985,32232,31796,31794,32051,32209,32303,32198,32700,33329,34228,34961,35845,36662,37124,37296,37193,37152,37196,37355,37520,37866,38451,39492,40630,41933,43013,43757,44225,44641,44671,44719,44581,44582,44373,43997,43643,43309,43359,43812,44615,45559,46834
203932,2746,Tremont,Neighborhood,OH,OH,Cleveland,Cleveland-Elyria,Cuyahoga County,Tremont,60050,60247,60358,60246,59223,57855,56615,55678,55023,54273,53955,53474,53410,53156,52757,52415,52982,53893,54545,55202,55713,56245,55930,56215,56438,56527,56347,56379,57212,58417,60236,61424,62275,63032,64675,65817,66226,66411,67125,67709,67428,67109,66208,66016,66014,67327,67874,68258,68656,69363,69685,69982,70473,70900,71733,72530,73666,73161,73102,73326,74111,74537,74868,75468,76240,77334,77568,78130,78327,79774,80763,81141,81480,81994,82436,82830,83376,84042,85366,85336,85279,84753,85491,86414,86365,85747,86094,87064,87939,87942,87636,88213,89442,90481,90413,91012,92526,95287,96973,97413,97230,97832,99419,101038,101185,101470,102045,102776,103048,102730,102301,102613,103059,103541,103220,103070,104071,104913,105869,105385,105121,104407,105180,105127,105884,105757,106328,105911,105591,105614,105449,105992,106178,106715,105628,105245,104619,105036,103511,102800,101709,100745,99132,97690,97293,96559,95598,93863,92012,89226,87794,86038,84644,82974,82431,82019,81583,81914,83632,85508,86746,88657,91205,94265,96926,98765,99869,100087,99416,97916,95181,93126,91862,91878,90966,89539,87337,86571,86074,86257,86163,86352,87478,89219,90053,89287,88362,89020,90728,91677,92130,91911,91363,90086,89034,87405,86832,85886,85289,83787,82522,81883,81214,81133,81996,83468,83961,83830,83734,84085,84342,84081,84437,84854,86456,88795,91605,94015,96341,98493,100524,102598,105009,108080,110503,112494,113181,112102,109438,107898,106876,107697,108202,109909,111197,111451,110467,108527,107358,107555,109301,110550,112406,113457,114877,115221,115750,117420,120071,123660,126550,128766,131189,134207,137388,140189,142154,144387,147100,150256,153515,157085,159656,162123,162083,161840,160369,159840,160072,160609,160559,159052,158048,157288,158292,158331,158604,158379,159784,160277,161573,161248,162671,163262,163748,162957,162087,162368,163673,165528,166852,168786,170102,172779,174558,177956,181565
275540,3160,St. Clair-Superior,Neighborhood,OH,OH,Cleveland,Cleveland-Elyria,Cuyahoga County,St. Claire-Superior,,,,,,,,,,,,,,,,,,,,,,,,,,,,,,,,,,,,,,,,,,,,,,,,,,,,,,,,,,,,,,,,,,,,,,,,,,,,,,,,,,,,,,,,,,,,,,,,,,,,,,,,,,,,,,,,,,,,,,,,,,,,,,,,,,,,,,,,,,,,,,,,,,,,,,,,,,,,,,,,,,,,,,,,,,,,,,,,,,,,,,,,,,,,,,,,,,,,,,,,,,,,,,,,29439,29799,30137,30717,30815,30747,30523,30761,30822,31002,30909,30857,30425,29962,29438,29037,28917,28881,29098,28892,29017,28856,28859,28838,29380,29786,29883,29787,30267,30791,31118,30720,29960,29310,29145,28988,28647,28171,28001,27818,27155,26513,25801,25908,26197,26452,26063,25386,24779,24425,24111,23782,23871,24172,24649,24665,24311,23944,23951,24374,24922,25297,25740,26315,26633,26840,27246,28144,29259,29944,30275,30608,30920,31160,31148,31148,31009,30440,29514,28532,27814,27509,27470,27375,27316,27438,27779,28159,28811,29940
271019,3492,North Broadway,Neighborhood,OH,OH,Cleveland,Cleveland-Elyria,Cuyahoga County,North Broadway,,,,,,,,,,,,,,,,,,,,,,,,,,,,,,,,,,,,,,,,,,,,,,,,,,,,,,,,,,,,,,,,,,,,,,,,,,,,,,,,,,,,,,,,,,,,,,,,,,,,,,,,,,,,,,,,,,,,,,,,,,,,,,,,,,,,,,,,,,,,,,,,,,,,,,,,,,,,,,,,,,,,,,,,,,,,,,,,,,,,,,,,,,,,,,,,,,,,,,,,,,,,,,,,,,,,,,,,,,,,,,,,,,,,,,,,,,,,,,,,,,,,,,,,,,,,38323,38509,38670,39029,39431,39830,39948,39988,39921,40092,40181,40476,40860,41327,41584,41564,41310,41059,41305,41595,41967,41883,41954,41564,40887,39819,39314,39334,39806,40098,40133,40206,40348,40291,39990,39696,39699,39824,39594,39044,38206,37420,36660,35824,34886,34035
273654,3650,Euclid-Green,Neighborhood,OH,OH,Cleveland,Cleveland-Elyria,Cuyahoga County,Euclid Green,,,,,,,,,,,,,,,,,,,,,,,,,,,,,,,,,,,,,,,,,,,,,,,,,,,,,,,,,,,,,,,,,,,,,,,,,,,,,,,,,,,,,,,,,,,,,,,,,,,,,,,,,,,,,,,,,,,,,,,,,,,,,,,,,,,,,,,,,,,,,,,,,,,,,,,,,,,,,,,,,,,,,,,,,,,,,,,,,,,,,,,,,,,,,,,,,,,,,,,,,,,,,,,,,,,,,,,,,,,,,,,,,,,,,,,,,,,,,,,,,,,,,,,,,,,,,,,,36364,37030,37618,38842,39990,41090,41888,42748,43665,44669,45350,45723,45929,45921,45864,45690,45486,45038,44918,44372,43574,42359,41659,41410,41318,41464,41705,41724,41577,41807,42247,43007,43661,44560,45283,45841,46370,46824,47277,47953,48805,49489
273664,4126,Fairfax,Neighborhood,OH,OH,Cleveland,Cleveland-Elyria,Cuyahoga County,Fairfax,,,,,,,,,,,,,,,,,,,,,,,,,,,,,,,,,,,,,,,,,,,,,,,,,,,,,,,,,,,,,,,,,,,,,,,,,,,,,,,,,,,,,,,,,,,,,,,,,,,,,,,,,,,,,,,,,,,,,,,,,,,,,,,,,,,,,,,,,,,,,,,,,,,,,,,,,,,,,,,,,,,,,,,,,,,,,,,,,,,,,,,,,,,,,,,,,,,,,,,,,,,,,,,,,,,,,,,,,,,,,41532,41796,41774,41767,41729,41875,42128,42186,42067,42084,42582,43178,43412,42900,42621,42956,43842,44704,45130,45374,45730,46038,45886,45854,46547,48174,49669,50261,49878,48907,48519,49153,50167,50738,50420,49192,47513,45793,44454,43378,42358,41478,40668,39503,38372,37391,37110,37497,37970,38068,37476,36807,36443,36451,36636,36869,36987,36838,36725,36146,35431,34534,34187,33924,33784,33448,33149,32895,32815,33006,33138,33526,34139,35160,36209,37416,38618
273850,4621,Goodrich-Kirtland Park,Neighborhood,OH,OH,Cleveland,Cleveland-Elyria,Cuyahoga County,Goodrich-Kirkland Park,,,,,,,,,,,,,,,,,,,,,,,,,,,,,,,,,,,,,,,,,,,,,,,,,,,,,,,,,,,,,,,,,,,,,,,,,,,,,,,,,,,,,,,,,,,,,,,,,,,,,,,,,,,,,,,,,,,,,,,,,,,,,,,,,,,,,,,,,,,,,,,,,,,,,,,,,,,,,,,,,,,,,,,,,,,,,,,,,,,,,,,,,,,,,,,,,,,,,,,,,,,,,,,,,,,,,,,,,,,,,,,,,,,,,,,,,,,,,,,,,,,,,,,,,,,,,,,,,,,,,,38273,38678,38940,39374,39594,39519,39319,39036,38902,38878,39037,39138,39172,38652,38085,37574,37382,37628,37973,38340,38272,37845,36930,36058,35303,35116,34926,34755,34516,34167,33855,33613,33639,33902,34462,35096
274194,5676,Kinsman,Neighborhood,OH,OH,Cleveland,Cleveland-Elyria,Cuyahoga County,Kinsman,,,,,,,,,,,,,,,,,,,,,,,,,,,,,,,,,,,,,,,,,,,,,,,,,,,,,,,,,,,,,,,,,,,,,,,,,,,,,,,,,,,,,,,,,,,,,,,,,,,,,,,,,,,,,,,,,,,,,,,,,,,,,,,,,,,,,,,,,,,,,,,,,,,,,,,,,,,,,,34612,34389,34442,34506,34645,34700,34575,34407,34175,33970,33776,33522,33230,33361,33699,34297,34671,35059,35259,35559,35612,35609,35514,35800,36445,36680,35926,34375,33318,32724,32973,33051,33761,34516,35419,35791,35618,35325,35558,36148,36182,35760,35127,35045,34813,34569,34231,33914,33764,33779,34300,35086,36223,37523,38462,38956,38924,39033,38861,39168,39241,39648,39305,38660,37428,36014,34776,33954,33831,33858,34406,34534,34745,34644,34884,35122,35551,36160,36514,36724,36556,36386,36085,35989,36017,35678,35274,35043,35257,35295,35190,34612,34007,33653,33179,32822,32346,32461,32495,32452,32170,32002,31962,32400,33154,33694,33969,33728,33441,33224,33373,33860,34426,35071,35813,36098,36344,36826,37707,38592,39135,39173,38739,37882,37461,37114,36849,36257,35557,34623,33835,33301,33092,33104,33313,33696,33854,33984,34084,34635
275200,6808,Riverside,Neighborhood,OH,OH,Cleveland,Cleveland-Elyria,Cuyahoga County,Riverside,70663,70843,70835,70995,70965,71145,71304,71709,71988,72235,72495,72834,73151,73228,73485,73702,74292,74605,74979,74936,74998,75044,75016,75008,74944,75216,75482,75853,75966,75935,75877,76004,76341,76810,77472,78030,78835,79391,79786,79964,80447,81396,82378,83349,84170,84975,85609,85991,86224,86557,87179,87604,88004,87953,87947,87623,87501,87478,87629,88143,88648,89154,89358,89761,89899,90171,90432,91105,91633,91460,91086,90509,90550,90676,90894,90987,91152,91394,91601,91410,91184,92121,93432,94852,95156,95080,95086,95291,95829,96343,96556,96954,97211,96923,96256,95747,95840,96255,96793,97487,98144,98556,98961,99260,99788,100108,100583,100908,101721,102367,102807,102847,102560,102669,103528,104642,105548,106192,106827,107378,107145,107200,107362,107355,107016,106350,105740,105080,104492,104224,103960,103544,103267,102782,101889,101311,101169,101383,100785,100261,99810,99675,99052,98717,98718,98468,98447,98210,98141,97368,96731,96073,95473,94377,93548,92631,91540,90485,89635,88810,88215,88200,88511,88320,87795,87466,87181,87021,86523,86655,86294,86530,86013,85487,84534,83595,82650,81646,80822,79583,78318,76564,75736,74997,74427,73438,72231,71543,70914,70513,69747,69571,70012,70772,71072,70120,69256,68611,68758,68960,69594,70176,71460,72278,72665,72863,72456,73390,74275,75473,76099,76453,76781,76867,76300,75440,74663,73547,73628,73052,72951,72679,72774,73108,73022,73249,73278,73895,74396,75730,76191,77017,77512,78091,78353,78268,78276,78335,79130,80040,81277,81775,82197,82086,82253,82519,83659,84917,85964,86342,86587,87213,87548,87642,88148,89112,90062,90446,90160,89881,90502,91866,93412,93412,93731,94954,96856,98716,99904,101439,102545,103652,104371,104923,105173,106352,107233,107869,107875,107939,108355,108566,109464,110240,110706,110998,111657,112471,113462,114326,115320,116335,117558,119023,120441,122103,124177
-,-,Broadway-Slavic Village,Neighborhood,OH,OH,Cleveland,Cleveland-Elyria,Cuyahoga County,Broadway-Slavic Village,32021,31861,31778,31574,31442,31287,31115,30909,30695,30518,30438,30468,30451,30440,30313,30342,30316,30332,30304,30377,30566,30791,30841,30703,30630,30726,30948,31060,31136,31319,31682,32088,32389,32585,32872,33258,33731,34061,34518,34801,35277,35563,35913,36077,36229,36477,36888,37421,37876,38277,38220,38366,38467,38877,39026,39242,39668,40031,40310,40397,40648,40658,41100,41420,42051,42209,42518,42766,42984,43203,43229,43326,43131,43288,43182,43114,42647,42372,42250,42244,42220,42091,41824,41532,41363,41569,41908,42351,42606,43070,43359,43675,43640,43590,43952,44512,45366,45391,45378,45124,45324,45287,45187,45030,45334,45876,46374,46699,46748,47217,47622,48162,48513,48983,49644,50285,50721,50870,50821,50823,50899,50928,51090,51211,51435,51537,51768,51981,52113,52103,51752,51424,51081,50903,50357,49697,49014,48457,47648,46881,46407,46460,47044,47293,47227,46601,45859,44705,42973,41266,39879,38918,37845,36580,35239,34229,33487,32977,32702,32834,33322,33682,33642,32958,32271,31814,31389,30763,29977,29614,29560,29804,30184,30630,31216,31964,32783,33170,33643,34226,35014,35463,35348,34807,34039,33542,33125,33225,33130,33152,32520,31893,31204,30756,30900,31381,32105,32518,32844,32629,32405,32315,32804,33203,33661,33889,33629,33039,32321,31842,31655,31689,31832,31817,32001,32334,32486,32011,31718,31486,31681,31711,31370,30785,30170,30005,29728,29494,29316,29667,29890,30126,29720,29440,29413,29906,30509,30561,30449,30364,30647,31161,31471,31537,31770,32132,32612,32616,32237,32129,32353,35582,35710.5,35529,35460,35579.5,35880.5,35967.5,35811,35597.5,35758,35946.5,36218.5,36178.5,36295,36566,37091,37438.5,37684.5,38028.5,38445,39022.5,39468.5,40085,40185.5,40174,39708,39667.5,39626.5,39991.5,39994,40082.5,40151,40320,39961,39357.5,38930,38939.5,39189.5,39095.5,38845,38351.5,38132,37905.5,37736,37471,37525.5
-,-,Union-Miles,Neighborhood,OH,OH,Cleveland,Cleveland-Elyria,Cuyahoga County,Union-Miles,,,,,,,,,,,,,,,,,,,,,,,,,,,,,,,,,,,,,,,,,,,,,,,,,,,,,,,,,,,,,,,,,,,,,,,,,,,,,,,,,,,,,,,,,,,,,,,,,,,,,,,,,,,,,,,,,,,,,,,,,,,,,,,,,,,,,,,,,,,,,,,,,,,,,,,,,,,,,,,,,,,,,,,,,,,,,,,,,,,,,,37290,37305,37300,36740,36085,35243,34681,34092,33704,33135,32488,31542,30956,30054,29048,28419,27892,27504,26819,26325,25953,25803,25273,25452.5,25496,25812,26173.5,26503.5,26799,27083,27409.5,27449,26982.5,26581.5,26270.5,26073,25779.5,25549.5,25339,25124,24879.5,24601.5,24386.5,24493.5,24975,25131.5,25266,25427,25830,25833.5,25656,25493.5,25389.5,25480,25358,25274,25257,25634,25864,25646,25247,24983.5,24844,24789,24881,25030,25428.5,25539.5,25562.5,25201.5,24950,24905.5,25117,25471.5,25852,25944.5,25975.5,25765.5,25417,25237,25107.5,25271.5,25403,25645.5,25856,26135,26390.5,26906.5,27191.5,27598.5,27947,28275.5,28659.5,28877.5,29164.5,29254,29403,29673.5,29841.5,29791,29948,30054,30334,30303,30413,30552.5,30736.5,31022,31271,31393,31646.5,32042.5,32452,32954.5,33438.5,34220.5